time,R2,Pearsonr
7204.029999732971,0.5396065672202061,0.7459037194495689
